model,block,spearman_mean,spearman_std,pearson_mean,pearson_std,cov_mean,overlap_mean,overlap_std
LR,volledig,0.39893483709273186,0.07869287825905964,0.4372958545707613,0.07902493843514222,0.13690644704857563,0.75,0.06763481415000994
LR,pre-COVID,0.3823725981620718,0.0926574884004298,0.37902433204510755,0.07637114611021649,0.09856004543508558,0.8,0.045374260648651514
LR,post-COVID,0.4088721804511278,0.06878219272942687,0.4722587680861537,0.05770508046774719,0.13816616710437307,0.72,0.06102571532587294
XGB,volledig,0.6943609022556391,0.06750687089843768,0.6248431733844032,0.06049777733266478,0.11159376586609568,0.8270833333333334,0.027207503137008975
XGB,pre-COVID,0.7030075187969924,0.04243959636592509,0.6138229591019735,0.05048716905972262,0.10382083463891885,0.825,0.02572478777137629
XGB,post-COVID,0.6891729323308271,0.07909294330509287,0.6314553019538612,0.06570290192279808,0.1011443375481436,0.8283333333333336,0.028416038857796744
MLP,volledig,0.4767543859649123,0.09743497709946802,0.6649207736363704,0.058910933236656485,0.1479783452247299,0.6802083333333333,0.05529378339623274
MLP,pre-COVID,0.46649958228905597,0.11187731607744074,0.6806746524998581,0.05655688579759011,0.13716602502932435,0.6888888888888888,0.05301374837096382
MLP,post-COVID,0.48290726817042606,0.08913149944014727,0.6554684463182774,0.05918646939063,0.14281193219447252,0.675,0.05685735326841775
